ID,x,y,Smax,DSmax,Kσ,Dσmax,Aσ,Hf,Kw,Bf,Af,ODI,ODI_pred,ODI_diff
BJ1,493827.2631,5403730.276,43.3996794127,32.167518421,43.7943465703,20.286455206699998,60.3204107501,167.7117415041,39.583768557599996,137.91762599630002,31.467290711300002,0.14676812473958964,0.14673297443918554,3.515030040410205e-05
BJ2,493852.30768,5403730.27205455,43.3996794127,32.167518421,43.7943465703,20.286455206699998,60.3204107501,167.7117415041,39.583768557599996,137.91762599630002,31.467290711300002,0.14676812473958964,0.14673297443918554,3.515030040410205e-05
BJ3,493877.35226,5403730.26810909,43.3996794127,32.167518421,43.7943465703,20.286455206699998,60.3204107501,167.7117415041,39.583768557599996,137.91762599630002,31.467290711300002,0.14676812473958964,0.14673297443918554,3.515030040410205e-05
BJ4,493902.39684,5403730.26416364,43.3996794127,32.167518421,43.7943465703,20.286455206699998,60.3204107501,167.7117415041,39.583768557599996,137.91762599630002,31.467290711300002,0.14676812473958964,0.14673297443918554,3.515030040410205e-05
BJ5,493927.44142,5403730.26021818,43.3996794127,32.167518421,43.7943465703,20.286455206699998,60.3204107501,167.7117415041,39.583768557599996,137.91762599630002,31.467290711300002,0.14676812473958964,0.14673297443918554,3.515030040410205e-05
BJ6,493952.486,5403730.25627273,43.3996794127,32.167518421,43.7943465703,20.286455206699998,60.3204107501,167.7117415041,39.583768557599996,137.91762599630002,31.467290711300002,0.14676812473958964,0.14673297443918554,3.515030040410205e-05
BJ7,493977.53058,5403730.25232727,43.3996794127,32.167518421,43.7943465703,20.286455206699998,60.3204107501,167.7117415041,39.583768557599996,137.91762599630002,31.467290711300002,0.14676812473958964,0.14673297443918554,3.515030040410205e-05
BJ8,494002.57516,5403730.24838182,43.3996794127,32.167518421,43.7943465703,20.286455206699998,60.3204107501,167.7117415041,39.583768557599996,137.91762599630002,31.467290711300002,0.14676812473958964,0.14673297443918554,3.515030040410205e-05
BJ9,494027.61974,5403730.24443636,43.3996794127,32.167518421,43.7943465703,20.286455206699998,60.3204107501,167.7117415041,39.583768557599996,137.91762599630002,31.467290711300002,0.14676812473958964,0.14673297443918554,3.515030040410205e-05
BJ10,494052.66432,5403730.24049091,42.939140371141754,31.719266400987756,43.340736094942145,19.948984229337974,59.38317393605667,164.58461703315592,39.078519358118534,135.37737440179936,31.08900540476229,0.1338980692280363,0.133863470891467,3.4598336569297006e-05
BJ11,494077.7089,5403730.23654545,42.79873666700165,31.640160564813673,43.19629277908335,19.912264892726245,59.258246541476225,164.3584154340466,38.970381757199846,135.183982139294,30.99761940167204,0.13216519498471735,0.13213067096670184,3.4524018015513747e-05
BJ12,494102.75348,5403730.2326,42.658603505539574,31.561181561944508,43.05212986100144,19.87558838854981,59.13349168831015,164.1323333179403,38.86243222372199,134.9907096402937,30.90639906348853,0.13043470790927073,0.1304002581074295,3.444980184122426e-05
BJ13,494127.79806,5403730.22865455,42.55204846839113,31.497944341727333,42.9427682227817,19.84422798586848,59.03015162959378,163.92108069043528,38.77782448459648,134.81230144825537,30.835740052966592,0.12900050164019072,0.12896611334779606,3.438829239466035e-05
BJ14,494152.84264,5403730.22470909,42.520727038249724,31.46997743850863,42.911380737856696,19.824778596618614,58.97479257816386,163.7430543353735,38.745515300507755,134.66719754114953,30.81114981120686,0.1282301285712235,0.12819577331816367,3.435525305983678e-05
BJ15,494177.88722,5403730.22076364,42.576535865401475,31.482858128805656,42.970297417636544,19.819123703065884,58.9750017453032,163.60350830603187,38.773774614195084,134.56066430823083,30.83991316814185,0.1282285602948822,0.12819420510908175,3.435518580044428e-05
BJ16,494202.9318,5403730.21681818,42.71949392032006,31.53659530614696,43.11953792363844,19.827266308587024,59.03079122953926,163.50245098015773,38.86261561293604,134.4927101469978,30.922041740194235,0.12899596419832918,0.12896157610053383,3.438809779535146e-05
BJ17,494227.97638,5403730.21287273,42.94388902762352,31.62851104184643,43.3531820021778,19.848302059422863,59.138518032301015,163.43735962520404,39.00806748463219,134.4608064016685,31.054037717058254,0.13048193818422252,0.13044748635679526,3.44518274272565e-05
BJ18,494253.02096,5403730.20892727,43.237863467669364,31.753455993804415,43.658895216669336,19.880826851421734,59.29176939478072,163.40818400714542,39.20221422738615,134.46384827887448,31.228810859580165,0.13259748245075414,0.13256293989303247,3.454255772167292e-05
BJ19,494278.06554,5403730.20498182,43.53129811813309,31.88498652908154,43.9633015889947,19.92116532266449,59.46386661074196,163.46534779438613,39.40144215414533,134.5358310049542,31.406103742936065,0.13496913904085697,0.1349344947688369,3.4644272020073474e-05
BJ20,494303.11012,5403730.20103636,43.80478062141033,32.014638573899965,44.24621204602258,19.966979475073725,59.64421576098919,163.60833768504875,39.592764754572244,134.67460147451584,31.574294694630858,0.13744990686742678,0.13741515620160594,3.475066582084296e-05
BJ21,494328.1547,5403730.19709091,44.03719324625637,32.13043930875471,44.48596611059071,20.01253193245016,59.81353280745846,163.80158789719732,39.75984837388436,134.84984485589928,31.71958858124906,0.13977438695929437,0.13973953660245464,3.485035683972737e-05
BJ22,494353.19928,5403730.19314545,44.23438306705739,32.23343028004661,44.68880959991981,20.056785213671187,59.970777417442285,164.02616335022438,39.905401502250626,135.04695609789738,31.844857431255637,0.1419293357602685,0.14189439298317452,3.4942777093982524e-05
BJ23,494378.24386,5403730.1892,44.40727760512998,32.32758558835218,44.866193649389814,20.100142375142834,60.11969494326826,164.27234570317904,40.036103758353214,135.25915091672806,31.956313811224472,0.14396734865282898,0.14393231847056331,3.503018226566623e-05
BJ24,494403.28844,5403730.18525455,44.563334643201415,32.41561746613044,45.025933396325506,20.142878493554765,60.262841501859235,164.53350241048707,40.156513828731526,135.4817991937007,32.05819765536252,0.1459243207773233,0.14588920666551763,3.511411180567858e-05
BJ25,494428.33302,5403730.18130909,44.70766822148208,32.49938577793886,45.17338793041868,20.18518219778072,60.401969904335125,164.80508532331413,40.269757750581206,135.71172590818645,32.15341642219763,0.1478248665794424,0.1477896709580777,3.519562136469756e-05
BJ26,494453.3776,5403730.17736364,44.843804294204865,32.5801728362747,45.312252159055284,20.227183541000635,60.538288653669035,165.08395865089884,40.3779908187218,135.94674199375277,32.24397470407411,0.1496859568727172,0.14965068143393956,3.527543877765438e-05
BJ27,494478.42218,5403730.17341818,44.974163784286446,32.658859077806916,45.44506300852736,20.26897181772816,60.67262750869649,165.3679693557553,40.48269286018116,136.1853444347972,32.33124885561693,0.15151924382755783,0.15148388976378147,3.535406377636052e-05
BJ28,494503.46676,5403730.16947273,45.10036652228552,32.73603359953789,45.573517926813416,20.310606774691593,60.8055416582246,165.6556768495767,40.58485402181344,136.42652757002665,32.41615979064519,0.1533325238713569,0.15329709204062714,3.543183072976519e-05
BJ29,494528.51134,5403730.16552727,45.223419120053315,32.812062484131005,45.698671759592976,20.352125540222566,60.93737611318314,165.94618590600436,40.68508961084433,136.66966645014057,32.49927979290901,0.155130641937368,0.15509513298994348,3.550894742451738e-05
BJ30,494553.55592,5403730.16158182,45.343825581870725,32.88712902697387,45.82105266151597,20.393546704335975,61.06830361861503,166.2390482917796,40.78370770783048,136.914448167718,32.5808954013486,0.15691602385649042,0.1568804383385919,3.558551789853426e-05
BJ31,494578.6005,5403730.15763636,45.46164346380139,32.961254159896406,45.94072094656545,20.43487238990043,61.19834390142395,166.5342128190266,40.880743494776546,137.16083698891094,32.66103933799043,0.15868894665052533,0.1586532850964929,3.566155403242344e-05
BJ32,494603.64508,5403730.15369091,45.576498149339386,33.03430164311918,46.05728404773005,20.476088779425364,61.32736856385554,166.83201265188265,40.9759679815137,137.40906549258435,32.73949862409252,0.16044760725033114,0.1604118702718339,3.5736978497236116e-05
BJ33,494628.68966,5403730.14974546,45.689359173009066,33.10680700210468,46.171752268567964,20.517410570783134,61.45615145813993,167.13375064967508,41.070117404531054,137.6602632989151,32.81689594318124,0.16220316787079847,0.16216735560078666,3.581227001181464e-05
BJ34,494653.73424,5403730.1458,45.805486301743606,33.18133088658845,46.289617265176304,20.55966542630205,61.588058972563324,167.4424162296383,41.166915376614504,137.9172967401942,32.89647472752663,0.16400394729516385,0.16396805779431833,3.588950084551512e-05
BJ35,494678.77882,5403730.14185455,45.92410583950477,33.25765234948944,46.41006638925627,20.602883919786507,61.722971790937144,167.75941271116253,41.265936399461765,138.18121817195453,32.9778187246359,0.16584836748093162,0.16581239887761157,3.596860332005791e-05
BJ36,494703.8234,5403730.13790909,46.0435064687406,33.335173907732354,46.5313055482257,20.64702727300681,61.86036343698461,168.08655659201418,41.36615393807984,138.45332561807848,33.059964732230924,0.16772907535651374,0.1676930260944327,3.604926208103376e-05
BJ37,494728.86798,5403730.13396364,46.16146771060059,33.41313855428117,46.65100629321733,20.692063015056277,61.99959482846025,168.42642074484968,41.46625035683732,138.73547598025783,33.14167009879892,0.1696371779207864,0.16960104682505606,3.613109573033513e-05
BJ38,494753.91256,5403730.13001818,46.27506393126797,33.49056379541628,46.7661002686987,20.737962953125628,62.13985993273723,168.7825716416055,41.564501288106946,139.0302570384507,33.22130337352789,0.17156148767035967,0.17152527404589524,3.621362446443177e-05
BJ39,494778.95714,5403730.12607273,46.38037344802501,33.56614471930654,46.87247410424264,20.784701110132783,62.28010745155255,169.1599329291491,41.65860477394421,139.34125192085486,33.29668238810029,0.17348743712559722,0.17345114090207592,3.6296223521303794e-05
BJ40,494804.00172,5403730.12212727,46.47203472550616,33.63810691090062,46.96450389987205,20.83225135954447,62.41892326690036,169.5653495743301,41.745421222287746,139.67345015473282,33.36482753751241,0.1753954511359224,0.17535907308254972,3.637805337267097e-05
BJ41,494829.0463,5403730.11818182,46.544204252545185,33.704568463344835,47.036058576949785,20.88063611101092,62.55489170306256,170.0068975713961,41.82156964112745,140.03278220694966,33.42251169156271,0.17726604205091792,0.17722958377267495,3.645827824297343e-05
BJ42,494854.09088,5403730.11423636,46.62337430153569,33.77526311993911,47.11489675714597,20.93092944125436,62.69733201833393,170.46218887952818,41.9033216250607,140.40373841493997,33.48483508033203,0.17923023858104403,0.17919369606342472,3.6542517619309045e-05
BJ43,494879.13546,5403730.11029091,46.72345573981018,33.85537749503518,47.215591909091415,20.98376920028987,62.85131993833704,170.9203614404047,41.9992805225601,140.778889533692,33.55975621152088,0.1813595240927918,0.18132289025555115,3.663383724064606e-05
BJ44,494904.18004,5403730.10634546,46.84698511874473,33.946054200368835,47.3407952833127,21.039464269854715,63.01825618730531,171.38176474930506,42.111169632100925,141.15874440532576,33.648803191176235,0.18367392387651396,0.18363719078057317,3.67330959407941e-05
BJ45,494929.22462,5403730.1024,46.99705439460309,34.04868603467911,47.49373864982103,21.09839116464497,63.19984819297933,171.8468248274317,42.24108958669238,141.5439232885255,33.75383872041516,0.18619784797340772,0.18616100663280377,3.684134060394362e-05
BJ46,494954.2692,5403730.09845455,47.17747301439886,34.16498899682641,47.67840371325126,21.16101377002075,63.39819959334038,172.31606655622494,42.391628472904976,141.9351903748241,33.87715774158995,0.18896137079799546,0.18892441093695045,3.695986104501614e-05
BJ47,494979.31378,5403730.09450909,47.38879249683601,34.29541105290542,47.895363438579814,21.227588288821796,63.614082964491615,172.79189896262127,42.56331716357222,142.3345224587654,34.01916957227278,0.19197584025899697,0.1919387511150501,3.708914394687235e-05
BJ48,495004.35836,5403730.09056364,47.62709697281288,34.43866453692717,48.140514122003474,21.29809460966328,63.84646523028492,173.2793769857573,42.753868464802544,142.74560865596166,34.17769991510276,0.19522711775716145,0.19518988917422042,3.722858294102904e-05
BJ49,495029.40294,5403730.08661818,47.90492564240877,34.60008478853813,48.42697237902677,21.373751904797047,64.10151169585114,173.7765159218245,42.97155548789992,143.16799545928455,34.36018026539113,0.19880305708661,0.19876567514075738,3.7381945852621445e-05
BJ50,495054.44752,5403730.08267273,48.23851613765995,34.78669409459625,48.77171860753181,21.456253007409728,64.38748678335355,174.2821017101627,43.227180662536,143.60217992363314,34.57627878157699,0.20282149584952996,0.20278394156309432,3.7554286435648176e-05
BJ51,495079.4921,5403730.07872727,48.62763925179541,34.99811058414352,49.17451878260626,21.545304513263943,64.70360702339113,174.79283786964362,43.520370070980746,144.04550460632473,34.825749547219694,0.20727083577950872,0.20723309067223883,3.774510726989311e-05
BJ52,495104.53668,5403730.07478182,49.03088219509803,35.21534119916659,49.59209065522596,21.635549198658943,65.02622390359086,175.29909174276153,43.82272407974227,144.48652075730755,35.083514324301035,0.21181237046602308,0.21177443058392098,3.793988210210042e-05
BJ53,495129.58126,5403730.07083636,49.45188062664341,35.43980357783001,50.028232106140635,21.727234916556682,65.35685913374616,175.7988545359567,44.13654144015903,144.92394951876955,35.3516803677851,0.21646729165033843,0.2164291521305467,3.8139519791730025e-05
BJ54,495154.62584,5403730.06689091,49.89602381326356,35.67379579745149,50.488569722078175,21.8209147261319,65.69822820841802,176.29144493398664,44.46538355817445,145.3577320737175,35.63344719439178,0.22127389595972433,0.22123555029694086,3.8345662783462187e-05
BJ55,495179.67042,5403730.06294545,50.36520302635482,35.91820617511556,50.97507029104411,21.9168745872117,66.05150784351171,176.77764760094513,44.810565357427976,145.7886659400241,35.9299713403021,0.22624870540678477,0.22621014638712045,3.8559019664319294e-05
BJ56,495204.715,5403730.059,50.83884700018874,36.16463262116426,51.46622158063728,22.01341859697307,66.4073439311845,177.2646894760533,45.15878688722853,146.22067283190754,36.22919237214849,0.2312594681286173,0.23122069421012803,3.877391848927658e-05
BJ57,495204.715,5403730.059,50.83884700018874,36.16463262116426,51.46622158063728,22.01341859697307,66.4073439311845,177.2646894760533,45.15878688722853,146.22067283190754,36.22919237214849,0.2312594681286173,0.23122069421012803,3.877391848927658e-05
BJ58,495204.715,5403704.51925,51.18908904241306,36.22463249888532,51.841190016890614,21.94720039612083,66.33541106105442,176.0941060761411,45.3190244578942,145.3168292428566,36.40003894606885,0.23035545808240784,0.23031672293460226,3.873514780558529e-05
BJ59,495204.715,5403678.9795,50.96542472456148,36.048264571586124,51.61618682095852,21.831466149023385,65.99714766963237,175.1005946918123,45.106652841530725,144.50277706505068,36.23360959648194,0.22568791323977314,0.2256493782710537,3.853496871944473e-05
BJ60,495204.715,5403653.43975,50.4291439463226,35.74420612620499,51.06426809804121,21.68995291522832,65.51671571823414,174.21683389482814,44.692160352029724,143.7482619323148,35.88389832598393,0.21901034228866414,0.2189720937039208,3.8248584743355574e-05
BJ61,495204.715,5403627.9,49.85705968252471,35.4270082110499,50.47476734600543,21.547153881294147,65.02406053328059,173.36421422102546,44.25570037782659,143.01540732334908,35.51380776119597,0.21215848365919224,0.21212052893317868,3.7954726013561535e-05
BJ62,495204.715,5403602.36025,49.28450487319127,35.11125519342624,49.884619173708614,21.406153704838164,64.53566702506073,172.53223713862732,43.82023849169186,142.2990072567315,35.14411580129725,0.20536525544997183,0.20532759206817897,3.766338179286843e-05
BJ63,495204.715,5403576.8205,48.711481040985205,34.79694239783622,49.29382567616026,21.266946564980135,64.05152140332501,171.72083585071564,43.38577146395701,141.59900848756504,34.77482115647151,0.19863046794034575,0.19859309339640108,3.7374543944673766e-05
BJ64,495204.715,5403551.28075,48.13798889808652,34.48406763731784,48.702387833251485,21.12952973902265,63.57161721771967,170.92997911330602,42.95229778393155,140.9153861107641,34.40592322338902,0.19195403238896006,0.19191694418029714,3.708820866291096e-05
BJ65,495204.715,5403525.741,47.56402883409221,34.1726297156208,48.11030618101844,20.993901737657477,63.095950939927654,170.1596498359753,42.51981662529316,140.2481265032789,34.03742167205021,0.1853359002546623,0.18529909588079618,3.680437386610613e-05
BJ66,495204.715,5403525.741,47.56402883409221,34.1726297156208,48.11030618101844,20.993901737657477,63.095950939927654,170.1596498359753,42.51981662529316,140.2481265032789,34.03742167205021,0.1853359002546623,0.18529909588079618,3.680437386610613e-05
BJ67,495179.67042,5403525.746,47.65203304131924,34.172331867608946,48.20490623899202,20.9624399832416,63.0412445161287,169.68456013787872,42.54802662047554,139.8762860438155,34.07437406558694,0.1845660360971917,0.18452926474083453,3.6771356357157003e-05
BJ68,495154.62584,5403525.751,47.74047849293589,34.17067909655862,48.30011340199967,20.92929138711848,62.98254179236673,169.19011327309963,42.575300679020636,139.48901567476665,34.11095267554389,0.18374119246545786,0.18370445648453904,3.673598091882835e-05
BJ69,495129.58126,5403525.756,47.829367096355966,34.16766554552936,48.395930294426236,20.894448657543595,62.919825493765266,168.67622556597615,42.601634755158486,139.08624869691673,34.147155886180286,0.18286113169871945,0.1828244334613608,3.669823735866218e-05
BJ70,495104.53668,5403525.761,47.918700140732426,34.16328725581363,48.49235869001998,20.857906866050524,62.853083944275724,168.14284046048016,42.627026114330135,138.66794002854095,34.18298260538785,0.18192569316263144,0.18188903504384424,3.665811878719727e-05
BJ71,495079.4921,5403525.766,48.0084785280572,34.15754145766931,48.589399829825936,20.819662564387922,62.78230897463857,167.5899183865853,42.65147284328725,138.23405812773325,34.218432069074765,0.18093476446783377,0.18089814884744937,3.661562038440036e-05
BJ72,495054.44752,5403525.771,48.09870290590813,34.15042616272889,48.687054604828454,20.77971327707616,62.70749472020067,167.01743093714342,42.67497356854517,137.7845803507015,34.25350372872788,0.17988826493081125,0.17985169419212121,3.657073869003935e-05
BJ73,495029.40294,5403525.776,48.18937374626316,34.14193992152218,48.78532366443525,20.73805719958603,62.62863690583546,166.4253574045442,42.69752728883892,137.31949019107134,34.288197184457076,0.1787861357361009,0.17874961226491926,3.652347118163202e-05
BJ74,495004.35836,5403525.781,48.280491392967214,34.132081678449666,48.884207481717226,20.694693017696185,62.54573241803644,165.81368270749343,42.71913327501999,136.8387756273062,34.32251214508616,0.17762833404935074,0.1775918602333285,3.64738160222311e-05
BJ75,494979.31378,5403525.786,48.37205608800846,34.120850690150064,48.98370638965198,20.64961980597777,62.45877906434662,165.18239622644487,42.739791013568095,136.3424281943871,34.35644840550376,0.1764148297076174,0.17637840793569937,3.642177191803819e-05
BJ76,494954.2692,5403525.791,48.46365196905803,34.108082265533795,49.08338501368256,20.602809076059465,62.36760186004732,164.53170863905038,42.75923574395579,135.83057878296532,34.38976428284751,0.17514314359398137,0.17510677636143523,3.636723254613061e-05
BJ77,494929.22462,5403525.796,48.55527849417363,34.09377789994938,49.18324262417138,20.554262710278387,62.27220525200217,163.8616416088021,42.77746848144284,135.3032446570226,34.42246016666409,0.1738133368781892,0.17377702667765926,3.631020052993761e-05
BJ78,494904.18004,5403525.801,48.648662371888356,34.07861620378355,49.28508744071171,20.50409315175879,62.17330156407445,163.17125525808223,42.79558440092545,134.75983030175453,34.455537407287714,0.17243550707048386,0.17239925596155803,3.6251108925827724e-05
BJ79,494879.13546,5403525.806,48.742786598396016,34.06219545742944,49.38785464331475,20.452231895822177,62.0704657020245,162.46107778153583,42.81293684784085,134.20066618431113,34.488405389428564,0.17100363048615863,0.17096744078676518,3.6189699393451846e-05
BJ80,494854.09088,5403525.811,48.8365858029149,34.04410299210716,49.490427997003415,20.398616334955438,61.9632746524076,161.73176451124985,42.828854901914426,133.6261800175809,34.52044876935274,0.16951170413090383,0.16947557841642413,3.612571447969559e-05
BJ81,494829.0463,5403525.816,48.93082893084897,34.024647377298976,49.59361214177853,20.34330369068198,61.85206303919753,160.98297654678473,42.843831336789066,133.03617025820324,34.55211609626114,0.1679644644922025,0.16792840513488216,3.605935732034493e-05
BJ82,494804.00172,5403525.821,48.994546604271584,33.99426350195632,49.66491422295101,20.28678238455163,61.730247746181114,160.26221117698822,42.8402661566749,132.46582445126216,34.566459500321095,0.16627269272662198,0.166236705925075,3.5986801546983305e-05
BJ83,494778.95714,5403525.826,48.947574025621364,33.928485389751955,49.62019752428766,20.230647326288583,61.58159323851391,159.6960925376536,42.77283500928928,132.0091643226447,34.51973020183188,0.16421651505741922,0.16418061644008486,3.589861733435673e-05
BJ84,494753.91256,5403525.831,48.7295359604439,33.8094947664331,49.396036628644886,20.176784640469865,61.39553954957289,159.38760274622373,42.60788620798494,131.74308809963622,34.37923014519027,0.16165327095446694,0.16161748226813044,3.5788686336496456e-05
BJ85,494728.86798,5403525.836,48.3848611074374,33.65065000865747,49.038932845322286,20.12441897143003,61.18127639120457,159.26560685096834,42.37040370516471,131.6147060516102,34.1691720119584,0.15870222901198724,0.15866656688830827,3.566212367897559e-05
BJ86,494703.8234,5403525.841,47.99350807728411,33.47613824024144,48.63274197921748,20.0719094119369,60.95483369059934,159.20200140528164,42.10543753472383,131.52878662389585,33.93313140137592,0.15557743208812183,0.15554190397900802,3.5528109113808215e-05
BJ87,494678.77882,5403525.846,47.58881620419427,33.29714943765095,48.21252389681031,20.01935873403782,60.7249105412906,159.15508172331835,41.83261758017706,131.45500139372155,33.68966598961875,0.15240298261673904,0.1523675906516614,3.539196507765241e-05
BJ88,494653.73424,5403525.851,47.18160836798872,33.117316180044355,47.78966001079011,19.966800300416164,60.494330912215275,159.11130929832376,41.55831625043123,131.38350490731875,33.4448001171188,0.14921916771704744,0.14918391229766537,3.5255419382068665e-05
BJ89,494628.68966,5403525.856,46.77592823728043,32.937995679784116,47.368402670072186,19.914246576108575,60.26414990096673,159.0656258430216,41.28491441918017,131.31061868415262,33.20078461144746,0.1460410395526815,0.1460059204351054,3.511911757608788e-05
BJ90,494603.64508,5403525.861,46.37346794629324,32.75975588289032,46.950531334305495,19.861702777300202,60.034809029078986,159.0159146407035,41.01340839899338,131.2348034084873,32.958561365408876,0.14287489692899907,0.14283991359919967,3.4983329799398444e-05
BJ91,494578.6005,5403525.866,45.97490405304788,32.58282386853561,46.53675747642207,19.809170989556574,59.80648482802513,158.96132937457506,40.74419654081373,131.15544362302091,32.71850697154762,0.13972325826764254,0.13968841010358202,3.484816406051916e-05
BJ92,494553.55592,5403525.871,45.58036842250123,32.40724389571819,46.127219766491834,19.756651619357473,59.57921170475936,158.90170509264598,40.477356485470594,131.0724193715936,32.48069482986191,0.13658661442284267,0.13655190078143153,3.4713641411138196e-05
BJ93,494528.51134,5403525.876,45.18961645101974,32.23293386595509,45.72166097769993,19.704143912691052,59.35292583588688,158.83734777341678,40.21274421266977,130.9859531674625,32.24498878661409,0.13346405488149019,0.13342947515868853,3.457972280165866e-05
BJ94,494503.46676,5403525.881,44.802058981268885,32.05969603514372,45.31946154825933,19.651646053416513,59.12747349503828,158.76899440285067,39.95001283216478,130.896580960519,32.01106089911134,0.1303533865626041,0.13031894024842783,3.444631417626187e-05
BJ95,494478.42218,5403525.886,44.416704708359156,31.887197682831133,44.919579015328736,19.599154985731154,58.90259602516043,158.69788501947968,39.6885786730466,130.80520452983404,31.778359377236526,0.12725091943000819,0.12721660617272934,3.4313257278845155e-05
BJ96,494453.3776,5403525.891,44.03200876908922,31.71492029287695,44.52038879044984,19.546665947428615,58.677890331533845,158.62595211642716,39.42753213452588,130.7132292203282,31.5460243036662,0.12415090288042878,0.1241167225749481,3.418030548067719e-05
BJ97,494428.33302,5403525.896,43.64558267194917,31.54206219468988,44.119379120001604,19.494171575730007,58.452733195024116,158.5561834944577,39.16546689547436,130.6228278162564,31.312726172186952,0.121044445986194,0.12101039890872145,3.4047077472551535e-05
BJ98,494403.28844,5403525.901,43.25366277862344,31.367360164959234,43.7125921367994,19.441660268820915,58.22614258517402,158.49328714663187,38.900166961378496,130.5374240576876,31.07637002851307,0.11791753896922386,0.11788362599681301,3.3912972410843345e-05
BJ99,494378.24386,5403525.906,42.850133221629825,31.18876148083294,43.293596353760115,19.389113173888287,57.9965227141684,158.44491350562672,38.62803136751839,130.46258148147385,30.83355159685551,0.11474741610674223,0.1147136390928104,3.377701393182664e-05
BJ100,494353.19928,5403525.911,42.4291413757964,31.004301773808873,42.8562371111721,19.336512249589592,57.762346480906444,158.41838371024429,38.34561414374632,130.40362415583874,30.581013130012057,0.11151229156984387,0.1114786533021469,3.363826769696432e-05
BJ101,494328.1547,5403525.916,42.00530389628355,30.81888696151037,42.41588538120514,19.28390255332048,57.52742774830378,158.39541356177284,38.06152143787438,130.34725547160429,30.326890697873292,0.10826657443787222,0.1082330753706996,3.3499067172620967e-05
BJ102,494303.11012,5403525.921,41.59680794792636,30.640664422570033,41.99143403073181,19.233721734133912,57.302293235121624,158.3792188680063,37.78809337967232,130.29767815026446,30.082162544162394,0.10515622523700124,0.10512285956476786,3.336567223338749e-05
BJ103,494278.06554,5403525.926,41.3141093880815,30.521417040468915,41.69736250977777,19.203457205639083,57.157387301447805,158.41858150426657,37.602113230858656,130.30378860280143,29.914465534295445,0.10315586512737791,0.10312258524548445,3.327988189345821e-05
BJ104,494253.02096,5403525.931,41.14514907833406,30.45549136255612,41.52117239982051,19.191199760425366,57.085019107614634,158.50817565621736,37.49519809528558,130.36024851032727,29.816415339893794,0.1021590887832948,0.10212585165059485,3.323713269995365e-05
BJ105,494227.97638,5403525.936,41.068341024145745,30.432767644467262,41.440491389946516,19.193531895576314,57.07142196339403,158.63846805582332,37.452342493771155,130.45750222151065,29.774793929407103,0.10197542946497695,0.10194220020895639,3.322925602056159e-05
BJ106,494202.9318,5403525.941,41.074432542108774,30.44890812958239,41.44572974781234,19.208988722717102,57.110694874701615,158.80537233541648,37.467114434129215,130.59145377423505,29.78393548739353,0.10252324495587993,0.10248999220545107,3.325275042885545e-05
BJ107,494177.88722,5403525.946,41.16014368745966,30.502375144828353,41.533488049597345,19.237050959736305,57.20074602299703,159.00743993570973,37.53723386654331,130.76065120812316,29.841831562803968,0.10377359425050622,0.10374028787578715,3.330637471907205e-05
BJ108,494152.84264,5403525.951,41.29906518038065,30.580787738278868,41.676395000546925,19.273537479343155,57.32473261820599,159.23300742635305,37.64434241063598,130.95340370809726,29.932310619355643,0.10549345174422484,0.10546007160920723,3.3380135017607726e-05
BJ109,494127.79806,5403525.956,41.43947445195225,30.659897818222145,41.82084392569103,19.31025954463579,57.44966805956598,159.4592319815913,37.75248518234026,131.14681481539662,30.023700706673683,0.10722643684014434,0.10719298238181874,3.34544583256019e-05
BJ110,494102.75348,5403525.961,41.57988372352442,30.739007898165916,41.9652928508357,19.34698160992877,57.57460350092694,159.68545653683262,37.86062795404511,131.3402259226985,30.115090793992167,0.1089594219360771,0.10892589315444356,3.352878163354056e-05
BJ111,494077.7089,5403525.966,41.720292995096855,30.818117978109942,42.109741775980645,19.383703675221938,57.69953894228845,159.91168109207572,37.96877072575026,131.5336370300018,30.206480881310874,0.11069240703201728,0.11065880392707572,3.360310494156249e-05
BJ112,494052.66432,5403525.971,41.860702266667516,30.897228058052292,42.254190701123825,19.42042574051387,57.82447438364649,160.13790564730746,38.0769134974535,131.7270481372959,30.29787096862814,0.11242539212790999,0.11239171469966047,3.367742824951503e-05
BJ113,494027.61974,5403525.976,42.00111153823904,30.976338137995487,42.39863962626785,19.457147805806443,57.9494098250063,160.3641302025451,38.18505626915769,131.92045924459478,30.389261055946115,0.11415837722382692,0.11412462547226943,3.3751751557495324e-05
BJ114,494002.57516,5403525.981,42.14152080981117,31.055448217939237,42.54308855141249,19.493869871099413,58.07434526636724,160.5903547577864,38.29319904086252,132.11387035189662,30.480651143264573,0.11589136231975941,0.11585753624489392,3.38260748654895e-05
BJ115,493977.53058,5403525.986,42.281930081383265,31.13455829788297,42.68753747655709,19.53059193639238,58.19928070772816,160.8165793130277,38.40134181256732,132.30728145919846,30.572041230583014,0.11762434741569161,0.1175904470175182,3.390039817341428e-05
BJ116,493952.486,5403525.991,41.72662028375,30.5356663153,42.14682433295,19.056538319949997,56.9060078968,156.3081035599,37.7455500503,128.6547031763,30.091618562950003,0.09988287354838393,0.09984973403674613,3.313951163780304e-05
BJ117,493927.44142,5403525.996,41.72662028375,30.5356663153,42.14682433295,19.056538319949997,56.9060078968,156.3081035599,37.7455500503,128.6547031763,30.091618562950003,0.09988287354838393,0.09984973403674613,3.313951163780304e-05
BJ118,493902.39684,5403526.001,41.72662028375,30.5356663153,42.14682433295,19.056538319949997,56.9060078968,156.3081035599,37.7455500503,128.6547031763,30.091618562950003,0.09988287354838393,0.09984973403674613,3.313951163780304e-05
BJ119,493877.35226,5403526.006,41.72662028375,30.5356663153,42.14682433295,19.056538319949997,56.9060078968,156.3081035599,37.7455500503,128.6547031763,30.091618562950003,0.09988287354838393,0.09984973403674613,3.313951163780304e-05
BJ120,493852.30768,5403526.011,41.72662028375,30.5356663153,42.14682433295,19.056538319949997,56.9060078968,156.3081035599,37.7455500503,128.6547031763,30.091618562950003,0.09988287354838393,0.09984973403674613,3.313951163780304e-05
BJ121,493827.2631,5403526.016,41.72662028375,30.5356663153,42.14682433295,19.056538319949997,56.9060078968,156.3081035599,37.7455500503,128.6547031763,30.091618562950003,0.09988287354838393,0.09984973403674613,3.313951163780304e-05
BJ122,493827.2631,5403526.016,41.72662028375,30.5356663153,42.14682433295,19.056538319949997,56.9060078968,156.3081035599,37.7455500503,128.6547031763,30.091618562950003,0.09988287354838393,0.09984973403674613,3.313951163780304e-05
BJ123,493827.2631,5403551.5485,41.72662028375,30.5356663153,42.14682433295,19.056538319949997,56.9060078968,156.3081035599,37.7455500503,128.6547031763,30.091618562950003,0.09988287354838393,0.09984973403674613,3.313951163780304e-05
BJ124,493827.2631,5403577.081,41.72662028375,30.5356663153,42.14682433295,19.056538319949997,56.9060078968,156.3081035599,37.7455500503,128.6547031763,30.091618562950003,0.09988287354838393,0.09984973403674613,3.313951163780304e-05
BJ125,493827.2631,5403602.6135,41.72662028375,30.5356663153,42.14682433295,19.056538319949997,56.9060078968,156.3081035599,37.7455500503,128.6547031763,30.091618562950003,0.09988287354838393,0.09984973403674613,3.313951163780304e-05
BJ126,493827.2631,5403628.146,41.72662028375,30.5356663153,42.14682433295,19.056538319949997,56.9060078968,156.3081035599,37.7455500503,128.6547031763,30.091618562950003,0.09988287354838393,0.09984973403674613,3.313951163780304e-05
BJ127,493827.2631,5403653.6785,41.72662028375,30.5356663153,42.14682433295,19.056538319949997,56.9060078968,156.3081035599,37.7455500503,128.6547031763,30.091618562950003,0.09988287354838393,0.09984973403674613,3.313951163780304e-05
BJ128,493827.2631,5403679.211,43.3996794127,32.167518421,43.7943465703,20.286455206699998,60.3204107501,167.7117415041,39.583768557599996,137.91762599630002,31.467290711300002,0.14676812473958964,0.14673297443918554,3.515030040410205e-05
BJ129,493827.2631,5403704.7435,43.3996794127,32.167518421,43.7943465703,20.286455206699998,60.3204107501,167.7117415041,39.583768557599996,137.91762599630002,31.467290711300002,0.14676812473958964,0.14673297443918554,3.515030040410205e-05
BJ130,493827.2631,5403730.276,43.3996794127,32.167518421,43.7943465703,20.286455206699998,60.3204107501,167.7117415041,39.583768557599996,137.91762599630002,31.467290711300002,0.14676812473958964,0.14673297443918554,3.515030040410205e-05
ZX1,493929.393098733,5403628.12991072,92.4193366657,180.950239069,89.3373488233,142.71543067669998,77.6194357511,169.0071639471,44.8861288536,153.8103161843,66.5571135173,0.9444423455423526,0.9443729850303857,6.93605119669316e-05
ZX2,493954.393098422,5403628.12597229,92.4193366657,180.950239069,89.3373488233,142.71543067669998,77.6194357511,169.0071639471,44.8861288536,153.8103161843,66.5571135173,0.9444423455423526,0.9443729850303857,6.93605119669316e-05
ZX3,493979.393098112,5403628.12203386,92.4193366657,180.950239069,89.3373488233,142.71543067669998,77.6194357511,169.0071639471,44.8861288536,153.8103161843,66.5571135173,0.9444423455423526,0.9443729850303857,6.93605119669316e-05
ZX4,494004.393097802,5403628.11809543,91.69021939939093,180.24345650668744,88.61889266266915,142.18446602137132,76.14367192181354,164.0927707462154,44.08852569417275,149.81773281276972,65.95941784410337,0.9241764128038015,0.9241079214459684,6.849135783304483e-05
ZX5,494029.393097492,5403628.11415699,91.55006561920032,180.16449148191722,88.47470646142308,142.14781204657695,76.01896690275491,163.86697179455325,43.980580582307155,149.6246847958465,65.8681945115839,0.9224466231426559,0.9223782059710868,6.841717156913507e-05
ZX6,494054.393097181,5403628.11021856,91.4099118390593,180.08552645718282,88.33052026022715,142.1111580718046,75.8942618837624,163.64117284307048,43.87263547048601,149.43163677907103,65.77697117909995,0.9207168334824221,0.9206484904971168,6.834298530522531e-05
ZX7,494079.393096871,5403628.10628013,91.26975805891483,180.00656143244734,88.1863340590276,142.0745040970323,75.76955686476914,163.41537389159262,43.76469035866289,149.2385887622992,65.68574784661412,0.9189870438221773,0.918918775023136,6.826879904131555e-05
ZX8,494104.393096561,5403628.1023417,91.12960427877135,179.92759640771277,88.04214785782901,142.03785012226072,75.64485184577786,163.18957494012136,43.656745246840835,149.04554074553272,65.59452451412909,0.9172572541619597,0.9171890595491823,6.81946127774058e-05
ZX9,494129.393096251,5403628.09840327,90.99452085922034,179.85100842207882,87.90321671603554,142.0019988889192,75.52338050145138,162.96601526961646,43.55232479033126,148.8547372673709,65.50640598120142,0.9155722034666415,0.9155040811213879,6.812234525355176e-05
ZX10,494154.39309594,5403628.09446484,90.91030712415055,179.79826868684162,87.81700829661978,141.97420136349123,75.4343518220629,162.76492175584787,43.48326633625771,148.68645269455905,65.44943714087749,0.9143360078351038,0.914267938507126,6.806932797787102e-05
ZX11,494179.39309563,5403628.09052641,90.89300444174775,179.77689756642084,87.80014830917753,141.95699722152685,75.38799635530559,162.5933789305108,43.46072102319426,148.5477881926662,65.43344081185629,0.9136902102986019,0.9136221686672321,6.804163136975294e-05
ZX12,494204.39309532,5403628.08658797,90.944882557754,179.78795914180301,87.85498917983293,141.9507458100239,75.38576165485136,162.45238920702286,43.486266662261365,148.439748528728,65.45980685693266,0.9136548382438223,0.9135867981294699,6.804011435246338e-05
ZX13,494229.39309501,5403628.08264954,91.06610490846859,179.83153003369748,87.9817002984018,141.95547300431363,75.42775195396464,162.34202476598807,43.560016866037536,148.36240605274637,65.5286353551844,0.9142313337726501,0.9141632689338757,6.80648387744176e-05
ZX14,494254.3930947,5403628.07871111,91.25678142273497,179.90766177790496,88.1803955981239,141.97119620835787,75.51403736086112,162.2623341563674,43.682048051421006,148.31580942770427,65.63999362075832,0.9154206668555804,0.9153525510093454,6.811584623500622e-05
ZX15,494279.393094389,5403628.07477268,91.51833832619798,180.01702300421212,88.45255325798718,141.99814122274603,75.64552746562659,162.2139472583926,43.85335165752188,148.3005900127392,65.79475499287136,0.9172354219740896,0.9171672282976389,6.819367645072294e-05
ZX16,494304.393094079,5403628.07083425,91.85457189520476,180.16139344743837,88.80210784188715,142.03690907539828,75.82464338257131,162.19854066467613,44.076566661457136,148.31842833696857,65.99524409457527,0.9197090960502178,0.919640796284199,6.829976601874233e-05
ZX17,494329.393093769,5403628.06689582,92.26415346714575,180.34015021639132,89.22768228781469,142.08728941194582,76.05053774344839,162.21552758289846,44.35076944495058,148.3687362303255,66.24064732869113,0.9228299654623301,0.9227615318501872,6.843361214292631e-05
ZX18,494354.393093459,5403628.06295739,92.68724905367456,180.52524249945307,89.66726302543815,142.139809292454,76.28505080624326,162.23848284892475,44.63436648008203,148.4250264846572,66.49432577435074,0.9260700774831004,0.9260015049108223,6.857257227810276e-05
ZX19,494379.393093149,5403628.05901895,93.10499348976892,180.70838868609817,90.10123620154029,142.19213179832823,76.51772978944275,162.2661971359824,44.91469254063307,148.4846389674749,66.74496195842343,0.9292844338180596,0.9292157233902416,6.87104278179751e-05
ZX20,494404.393092838,5403628.05508052,93.48725857312091,180.87863180808205,90.49802996065608,142.2431456654319,76.73824840554464,162.32546482499924,45.17333129086854,148.5662785881119,66.97542725161681,0.9323280240665761,0.93225918310694,6.884095963610726e-05
ZX21,494429.393092528,5403628.05114209,93.83777117732589,181.03732724780232,90.86154975699553,142.29298835766988,76.94788402139275,162.41297143750916,45.412560840654706,148.66763153980435,67.18784047387746,0.9352187860865607,0.9351498211495193,6.896493704144913e-05
ZX22,494454.393092218,5403628.04720366,94.1647677458298,181.18747041961387,91.20042669968774,142.34196367228068,77.14945963595795,162.5213919298214,45.637415845114006,148.78358427736447,67.38688424732781,0.9379963628001698,0.9379272787399517,6.908406021810531e-05
ZX23,494479.393091908,5403628.04326523,94.47454761564889,181.33135225462854,91.5212619710977,142.39030395727013,77.34513431487062,162.64512401510467,45.85174687271059,148.910225896222,67.57613990110215,0.9406910736200539,0.9406218739905661,6.9199629487815e-05
ZX24,494504.393091597,5403628.0393268,94.77183610841388,181.4706912489838,91.82900731610566,142.4381835038449,77.53652763801367,162.77996524996544,46.05844235033804,149.04462270954937,67.75829389759785,0.9433256620469676,0.9432563494267059,6.93126202616634e-05
ZX25,494529.393091287,5403628.03538836,95.06010299248008,181.6067492815225,92.12729876396926,142.48573029270537,77.72482885071693,162.92282981129765,46.25962322825446,149.1846205327706,67.9353188860631,0.9459168284625237,0.9458474047137475,6.942374877616508e-05
ZX26,494554.393090977,5403628.03144993,95.3417883017246,181.74041373926127,92.41869326766967,142.53303432338842,77.9108742623034,163.0715476667456,46.456781015448826,149.32870448646102,68.10860208622258,0.9484763170244654,0.9484067835057568,6.95335187086421e-05
ZX27,494579.393090667,5403628.0275115,95.61843079009591,181.87224423333126,92.7048033136354,142.5801523520581,78.09519127276032,163.22475033209636,46.65085629936214,149.47591924442466,68.27901831780048,0.9510115339263261,0.9509418916786347,6.96422476913483e-05
ZX28,494604.393090356,5403628.02357307,95.89069752327613,182.00248336092986,92.986327931337,142.6271089831066,78.27800851543901,163.38184455546929,46.84225683434331,149.62585066301205,68.44694682415967,0.9535256898296228,0.9534559397562012,6.975007342158168e-05
ZX29,494629.393090046,5403628.01963464,96.15830052379503,182.13102639095354,93.26296534428651,142.67389359462922,78.45922728754337,163.54308644838048,47.030806589654595,149.77867753130738,68.61222388297676,0.9560173986668015,0.9559475417303471,6.985693645433777e-05
ZX30,494654.393089736,5403628.01569621,96.41976152247162,182.25733570922782,93.53316644907484,142.7204516613786,78.63834091984705,163.70979070280538,47.215601950092676,149.93531762360487,68.77400906160348,0.9584795453631139,0.9584095828314714,6.996253164248678e-05
ZX31,494679.393089426,5403628.01175778,96.67194216179934,182.38026996375962,93.79364250751038,142.7666674265514,78.81427375631984,163.88474840275748,47.39472454545152,150.09771936981272,68.9305181260568,0.9608970246533066,0.9608269584421472,7.006621115945855e-05
ZX32,494704.393089116,5403628.00781934,96.9158547664786,182.50101137628033,94.04542903843253,142.81337453479958,78.9893377480239,164.07669441442258,47.569432193915226,150.27296001529692,69.0826447043762,0.9633036162917126,0.9632334468679795,7.016942373305746e-05
ZX33,494729.393088805,5403628.00388091,97.15288714294545,182.62109759645003,94.2899482284494,142.86163457974482,79.16650185735155,164.29662024145975,47.74138404321046,150.4699555017548,69.23158142057248,0.9657426794648132,0.9656724054358854,7.027402892778589e-05
ZX34,494754.393088495,5403627.99994248,97.37551294895303,182.73812677646242,94.51930266875425,142.91149796039082,79.34399586037475,164.555188205486,47.90624271558,150.69655256758824,69.37318038903688,0.9681898961998623,0.9681195172160546,7.037898380768404e-05
ZX35,494779.393088185,5403627.99600405,97.57146566537381,182.8482525285524,94.72061895186528,142.9631135021097,79.51909917798307,164.87058275279134,48.056992615820505,150.96618521406322,69.50070797624949,0.9706080535522136,0.9705375708598083,7.04826924052826e-05
ZX36,494804.393087875,5403627.99206562,97.71997630176736,182.9450469537479,94.87209790721424,143.01681593435669,79.68740966376224,165.27459400084794,48.181821729333855,151.3023998751477,69.60279622145897,0.9729371484757825,0.9728665658944402,7.058258134229334e-05
ZX37,494829.393087564,5403627.98812719,97.84678378517104,183.03848359302734,95.00068513096345,143.07417132017645,79.85926667932068,165.75166504150198,48.29694571132045,151.69508111776332,69.69432034997863,0.9753230843557315,0.9752523994476885,7.068490804296168e-05
ZX38,494854.393087254,5403627.98418876,97.92403291192866,183.1165644732147,95.0772218938338,143.13238609195625,80.020749652959,166.30474659238868,48.38387600828463,152.14406729823045,69.75872314690785,0.9775663768984942,0.9774955957813591,7.078111713509916e-05
ZX39,494879.393086944,5403627.98025032,97.98026949134346,183.18906403894843,95.13168358901495,143.191822350272,80.17996210143616,166.9008147305061,48.459578103963636,152.62553324027917,69.81198213101595,0.9797814180744342,0.9797105419598362,7.087611459799525e-05
ZX40,494904.393086634,5403627.97631189,98.03657906719789,183.26366346005332,95.18619125426956,143.253212597157,80.3440338029095,167.52099969143637,48.536946715570465,153.12629710606322,69.86608146184037,0.9820692888905095,0.9819983146549711,7.097423553836801e-05
ZX41,494929.393086324,5403627.97237346,98.10445222607906,183.34478679874647,95.25279294319714,143.31718770310124,80.5174221950075,168.15783159811818,48.62319571798391,153.6414253818768,69.92764480272578,0.9844935124954073,0.9844224342911054,7.107820430185541e-05
ZX42,494954.393086013,5403627.96843503,98.1877569146933,183.43357184586202,95.33556103305739,143.38360303379702,80.70075010345136,168.80457478651468,48.72047660612021,154.16588214006538,69.9987625326093,0.9870627953781969,0.9869916069839093,7.118839428754686e-05
ZX43,494979.393085703,5403627.9644966,98.27394501151457,183.522780178341,95.4214338830851,143.44936881610042,80.88323700300546,169.4406802260646,48.8190186208858,154.68209929746183,70.07125397023522,0.9896216005303518,0.9895503023954417,7.129813491002501e-05
ZX44,495004.393085393,5403627.96055817,98.36655258972841,183.6135535418123,95.51412015039139,143.51447740585198,81.06575340227404,170.06130994866967,48.920870233120624,155.18652723157362,70.147073542041,0.992181870437206,0.9921104624988537,7.140793835225256e-05
ZX45,495029.393085083,5403627.95661974,98.46865034570534,183.70715225334254,95.61683040904713,143.57918883063485,81.2497123517369,170.66546182627334,49.02802161616106,155.67864179638693,70.22802404723663,0.9947635772591922,0.9946920585980232,7.151866116894556e-05
ZX46,495054.393084772,5403627.9526813,98.58096826001616,183.80391246384644,95.73032442433558,143.64360592466596,81.43554967184146,171.25335471333693,49.14097495310157,156.1586836782868,70.31454911116515,0.9973728451219082,0.9973012145558997,7.163056600845152e-05
ZX47,495079.393084462,5403627.94874287,98.70169104769576,183.90314574960277,95.85269884671409,143.70763853720177,81.6225848400328,171.82628938442343,49.25859877489608,156.62752882788433,70.40560631543735,1.0,0.9999282567620238,7.17432379762073e-05
42-17,493819.99,5403253.54,41.72662028375,30.5356663153,42.14682433295,19.056538319949997,56.9060078968,156.3081035599,37.7455500503,128.6547031763,30.091618562950003,0.09988287354838393,0.09984973403674613,3.313951163780304e-05
44-20,494139.87,5403910.06,43.3996794127,32.167518421,43.7943465703,20.286455206699998,60.3204107501,167.7117415041,39.583768557599996,137.91762599630002,31.467290711300002,0.14676812473958964,0.14673297443918554,3.515030040410205e-05
44-21,494281.28,5403430.68,40.07615073626,29.791789273019997,40.428983590419996,18.83876131524,55.9572404145,155.99946716154,36.6227266604,128.25947519186,29.094745642920003,0.08659396783490142,0.08656139825051468,3.256958438674351e-05
46-17,494772.09,5403559.76,67.405975613,83.9420376759,67.2934617926,62.2749145511,69.49541376239999,160.93627663120003,48.7228117604,138.55716923239999,49.6556385641,0.45682202620524104,0.45677357848430056,4.8447720940481e-05
46-18,494932.54,5403086.53,38.48938099605,29.30217908975,38.73576507385,18.9284414731,55.7634623035,158.7377741598,35.7260159215,130.3028235953,28.236026578,0.08299657685531925,0.08296416155385067,3.241530146858018e-05
48-20,495395.96,5403245.75,40.6339106829,30.65872859865,40.9437125027,19.62003038675,57.9977891261,163.8811816729,37.4930683216,134.607721292,29.687694377450004,0.11451673419017812,0.11448296706960492,3.376712057319431e-05
48-19,495234.32,5403718.35,51.7724282501,36.57166145194999,52.4414707527,22.116075003649996,66.89512329649999,177.24360260089998,45.782603107999996,146.2881046826,36.78665659295,0.23818265498382857,0.2381435841475239,3.907083630466657e-05
BK14-7,495198.22,5404068.78,38.116324976099996,32.013174704949996,38.0514327835,22.162732740249997,63.5348606332,194.9219537362,37.766357338199995,159.18410408129998,29.204500446550004,0.1891962155508071,0.18915924561787,3.69699329370865e-05
MXBJ1,495395.96,5404068.78,38.116324976099996,32.013174704949996,38.0514327835,22.162732740249997,63.5348606332,194.9219537362,37.766357338199995,159.18410408129998,29.204500446550004,0.1891962155508071,0.18915924561787,3.69699329370865e-05
MXBJ2,493819.99,5403086.53,41.72662028375,30.5356663153,42.14682433295,19.056538319949997,56.9060078968,156.3081035599,37.7455500503,128.6547031763,30.091618562950003,0.09988287354838393,0.09984973403674613,3.313951163780304e-05
MXBJ3,495395.96,5403086.53,40.6339106829,30.65872859865,40.9437125027,19.62003038675,57.9977891261,163.8811816729,37.4930683216,134.607721292,29.687694377450004,0.11451673419017812,0.11448296706960492,3.376712057319431e-05
MXBJ4,493819.99,5404068.78,43.399679412699996,32.167518421,43.7943465703,20.2864552067,60.3204107501,167.71174150410002,39.583768557599996,137.91762599630002,31.467290711300002,0.14676812473958964,0.14673297443918554,3.515030040410205e-05
